|我的女友是机器人|	|爱情／喜剧|	|2020-09-11|

|我在时间尽头等你|	|爱情／奇幻／喜剧|	|2020-08-25|

|八佰|	|剧情／战争／历史|	|2020-08-21|

|夺冠|	|剧情|	|2020-09-25|

|花木兰|	|剧情／冒险|	|2020-09-11|

|信条|	|科幻／动作／剧情|	|2020-09-04|

|蓝色防线|	|纪录片／战争／历史|	|2020-09-18|

|荞麦疯长|	|剧情／爱情|	|2020-08-25|

|小妇人|	|爱情／剧情|	|2020-08-25|

|麦路人|	|剧情|	|2020-09-17|

|姜子牙|	|动画／动作／冒险|	|2020-10-01|

|八佰|	|剧情／战争／历史|	|2020-08-21|

|我和我的家乡|	|剧情／喜剧|	|2020-10-01|

|夺冠|	|剧情|	|2020-09-25|

|我在时间尽头等你|	|爱情／奇幻／喜剧|	|2020-08-25|

|花木兰|	|剧情／冒险|	|2020-09-11|

|信条|	|科幻／动作／剧情|	|2020-09-04|

|急先锋|	|动作／冒险／喜剧|	|2020-09-30|

|我的女友是机器人|	|爱情／喜剧|	|2020-09-11|

|哪吒之魔童降世|	|动画／喜剧／奇幻|	|2019-07-26|

|姜子牙|	|动画／动作／冒险|	|2020-10-01|

|八佰|	|剧情／战争／历史|	|2020-08-21|

|我和我的家乡|	|剧情／喜剧|	|2020-10-01|

|夺冠|	|剧情|	|2020-09-25|

|我在时间尽头等你|	|爱情／奇幻／喜剧|	|2020-08-25|

|花木兰|	|剧情／冒险|	|2020-09-11|

|信条|	|科幻／动作／剧情|	|2020-09-04|

|急先锋|	|动作／冒险／喜剧|	|2020-09-30|

|我的女友是机器人|	|爱情／喜剧|	|2020-09-11|

|哪吒之魔童降世|	|动画／喜剧／奇幻|	|2019-07-26|

|姜子牙|	|动画／动作／冒险|	|2020-10-01|

|八佰|	|剧情／战争／历史|	|2020-08-21|

|我和我的家乡|	|剧情／喜剧|	|2020-10-01|

|夺冠|	|剧情|	|2020-09-25|

|我在时间尽头等你|	|爱情／奇幻／喜剧|	|2020-08-25|

|花木兰|	|剧情／冒险|	|2020-09-11|

|信条|	|科幻／动作／剧情|	|2020-09-04|

|急先锋|	|动作／冒险／喜剧|	|2020-09-30|

|我的女友是机器人|	|爱情／喜剧|	|2020-09-11|

|哪吒之魔童降世|	|动画／喜剧／奇幻|	|2019-07-26|

|姜子牙|	|动画／动作／冒险|	|2020-10-01|

|八佰|	|剧情／战争／历史|	|2020-08-21|

|我和我的家乡|	|剧情／喜剧|	|2020-10-01|

|夺冠|	|剧情|	|2020-09-25|

|我在时间尽头等你|	|爱情／奇幻／喜剧|	|2020-08-25|

|花木兰|	|剧情／冒险|	|2020-09-11|

|信条|	|科幻／动作／剧情|	|2020-09-04|

|急先锋|	|动作／冒险／喜剧|	|2020-09-30|

|我的女友是机器人|	|爱情／喜剧|	|2020-09-11|

|哪吒之魔童降世|	|动画／喜剧／奇幻|	|2019-07-26|

|姜子牙|	|动画／动作／冒险|	|2020-10-01|

|八佰|	|剧情／战争／历史|	|2020-08-21|

|我和我的家乡|	|剧情／喜剧|	|2020-10-01|

|夺冠|	|剧情|	|2020-09-25|

|我在时间尽头等你|	|爱情／奇幻／喜剧|	|2020-08-25|

|花木兰|	|剧情／冒险|	|2020-09-11|

|信条|	|科幻／动作／剧情|	|2020-09-04|

|急先锋|	|动作／冒险／喜剧|	|2020-09-30|

|我的女友是机器人|	|爱情／喜剧|	|2020-09-11|

|哪吒之魔童降世|	|动画／喜剧／奇幻|	|2019-07-26|

|姜子牙|	|动画／动作／冒险|	|2020-10-01|

|八佰|	|剧情／战争／历史|	|2020-08-21|

|我和我的家乡|	|剧情／喜剧|	|2020-10-01|

|夺冠|	|剧情|	|2020-09-25|

|花木兰|	|剧情／冒险|	|2020-09-11|

|急先锋|	|动作／冒险／喜剧|	|2020-09-30|

|姜子牙|	|动画／动作／冒险|	|2020-10-01|

|八佰|	|剧情／战争／历史|	|2020-08-21|

|我和我的家乡|	|剧情／喜剧|	|2020-10-01|

|夺冠|	|剧情|	|2020-09-25|

|花木兰|	|剧情／冒险|	|2020-09-11|

|急先锋|	|动作／冒险／喜剧|	|2020-09-30|

|姜子牙|	|动画／动作／冒险|	|2020-10-01|

|八佰|	|剧情／战争／历史|	|2020-08-21|

|我和我的家乡|	|剧情／喜剧|	|2020-10-01|

|夺冠|	|剧情|	|2020-09-25|

|我在时间尽头等你|	|爱情／奇幻／喜剧|	|2020-08-25|

|花木兰|	|剧情／冒险|	|2020-09-11|

|信条|	|科幻／动作／剧情|	|2020-09-04|

|急先锋|	|动作／冒险／喜剧|	|2020-09-30|

|我的女友是机器人|	|爱情／喜剧|	|2020-09-11|

|哪吒之魔童降世|	|动画／喜剧／奇幻|	|2019-07-26|

|姜子牙|	|动画／动作／冒险|	|2020-10-01|

|八佰|	|剧情／战争／历史|	|2020-08-21|

|我和我的家乡|	|剧情／喜剧|	|2020-10-01|

|夺冠|	|剧情|	|2020-09-25|

|我在时间尽头等你|	|爱情／奇幻／喜剧|	|2020-08-25|

|花木兰|	|剧情／冒险|	|2020-09-11|

|信条|	|科幻／动作／剧情|	|2020-09-04|

|急先锋|	|动作／冒险／喜剧|	|2020-09-30|

|我的女友是机器人|	|爱情／喜剧|	|2020-09-11|

|哪吒之魔童降世|	|动画／喜剧／奇幻|	|2019-07-26|

|姜子牙|	|动画／动作／冒险|	|2020-10-01|

|八佰|	|剧情／战争／历史|	|2020-08-21|

|我和我的家乡|	|剧情／喜剧|	|2020-10-01|

|夺冠|	|剧情|	|2020-09-25|

|我在时间尽头等你|	|爱情／奇幻／喜剧|	|2020-08-25|

|花木兰|	|剧情／冒险|	|2020-09-11|

|信条|	|科幻／动作／剧情|	|2020-09-04|

|急先锋|	|动作／冒险／喜剧|	|2020-09-30|

|我的女友是机器人|	|爱情／喜剧|	|2020-09-11|

|哪吒之魔童降世|	|动画／喜剧／奇幻|	|2019-07-26|

|姜子牙|	|动画／动作／冒险|	|2020-10-01|

|八佰|	|剧情／战争／历史|	|2020-08-21|

|我和我的家乡|	|剧情／喜剧|	|2020-10-01|

|夺冠|	|剧情|	|2020-09-25|

|我在时间尽头等你|	|爱情／奇幻／喜剧|	|2020-08-25|

|花木兰|	|剧情／冒险|	|2020-09-11|

|信条|	|科幻／动作／剧情|	|2020-09-04|

|急先锋|	|动作／冒险／喜剧|	|2020-09-30|

|我的女友是机器人|	|爱情／喜剧|	|2020-09-11|

|哪吒之魔童降世|	|动画／喜剧／奇幻|	|2019-07-26|

